City_ID,City,Country,Date,Lat,Lng,Max Temp,Humidity,Cloudiness,Wind Speed
0,Cherskiy,RU,2020-02-18 23:11:09,68.75,161.3,-21.82,97,100,6.4
1,Ushuaia,AR,2020-02-18 23:11:10,-54.8,-68.3,50.0,76,90,32.21
2,Bethel,US,2020-02-18 23:11:10,41.37,-73.41,45.0,100,90,3.36
3,Yellowknife,CA,2020-02-18 23:11:10,62.46,-114.35,-7.01,63,75,11.41
4,Avarua,CK,2020-02-18 23:11:10,-21.21,-159.78,78.8,94,100,18.34
5,Vaini,TO,2020-02-18 23:11:11,-21.2,-175.2,80.6,78,40,5.82
6,Atuona,PF,2020-02-18 23:11:11,-9.8,-139.03,81.81,77,11,17.63
7,Bluff,NZ,2020-02-18 23:07:36,-46.6,168.33,60.01,81,55,15.01
8,Castro,BR,2020-02-18 23:11:11,-24.79,-50.01,69.4,96,90,4.16
9,Mao,ES,2020-02-18 23:11:11,39.89,4.27,46.4,87,73,6.93
10,Rikitea,PF,2020-02-18 23:11:12,-23.12,-134.97,79.2,78,0,11.65
11,Esna,EG,2020-02-18 23:11:12,25.29,32.55,57.2,67,26,4.7
12,Barrow,US,2020-02-18 23:11:12,71.29,-156.79,-4.0,76,90,17.22
13,Kayerkan,RU,2020-02-18 23:11:12,69.35,87.76,12.2,92,30,35.79
14,Kapaa,US,2020-02-18 23:11:12,22.08,-159.32,82.4,78,90,24.16
15,Dalbandin,PK,2020-02-18 23:11:13,28.89,64.41,55.53,41,100,8.55
16,Busselton,AU,2020-02-18 23:10:33,-33.65,115.33,69.01,38,13,14.34
17,Tessalit,ML,2020-02-18 23:11:13,20.2,1.01,69.06,13,80,11.36
18,Albany,US,2020-02-18 23:07:33,42.6,-73.97,37.99,98,90,4.7
19,Jamestown,US,2020-02-18 23:11:13,42.1,-79.24,39.2,89,90,18.34
20,Saint George,US,2020-02-18 23:07:52,37.1,-113.58,55.4,17,1,5.37
21,Codrington,AU,2020-02-18 23:11:14,-38.27,141.97,61.7,75,49,21.65
22,Bouar,CF,2020-02-18 23:11:14,5.93,15.6,69.6,20,5,6.06
23,Upernavik,GL,2020-02-18 23:11:14,72.79,-56.15,-6.68,98,100,5.5
24,Jibuti,DJ,2020-02-18 23:11:14,11.5,42.5,78.8,74,75,8.05
25,Puri,IN,2020-02-18 23:11:14,19.8,85.85,62.6,93,95,2.73
26,Raton,US,2020-02-18 23:09:13,36.9,-104.44,30.99,80,90,12.75
27,Lagoa,PT,2020-02-18 23:11:15,39.05,-27.98,59.09,70,83,14.67
28,Castelldefels,ES,2020-02-18 23:11:15,41.28,1.97,53.01,81,20,6.93
29,Hilo,US,2020-02-18 23:11:15,19.73,-155.09,80.6,54,40,9.17
30,Esperance,AU,2020-02-18 23:11:15,-33.87,121.9,57.2,76,100,5.82
31,Moerai,PF,2020-02-18 23:11:15,-22.43,-151.33,80.87,79,88,13.33
32,Dokka,NO,2020-02-18 23:11:16,60.84,10.06,28.0,83,25,5.01
33,Tasiilaq,GL,2020-02-18 23:11:16,65.61,-37.64,23.0,79,100,25.28
34,Karlovac,HR,2020-02-18 23:11:16,45.49,15.55,44.6,93,21,3.36
35,Ponta Do Sol,PT,2020-02-18 23:11:16,32.67,-17.1,60.8,59,75,20.8
36,Yerbogachen,RU,2020-02-18 23:11:16,61.28,108.01,1.49,94,100,5.41
37,Mar Del Plata,AR,2020-02-18 23:11:17,-38.0,-57.56,66.2,77,40,6.93
38,Am Timan,TD,2020-02-18 23:11:17,11.03,20.28,77.41,19,0,7.27
39,Mataura,NZ,2020-02-18 23:07:38,-46.19,168.86,60.01,81,97,15.01
40,Dingle,PH,2020-02-18 23:11:17,11.0,122.67,75.09,84,50,15.39
41,Punta Arenas,CL,2020-02-18 23:11:17,-53.15,-70.92,51.8,71,75,35.57
42,Todos Santos,MX,2020-02-18 23:11:18,23.45,-110.22,82.99,24,5,13.87
43,San Francisco Del Mar,MX,2020-02-18 23:11:18,16.23,-94.65,84.65,64,0,12.01
44,Upington,ZA,2020-02-18 23:11:18,-28.45,21.26,75.2,78,76,4.7
45,Port Hueneme,US,2020-02-18 23:11:18,34.15,-119.2,73.99,59,1,8.05
46,Butaritari,KI,2020-02-18 23:11:18,3.07,172.79,83.89,76,0,20.56
47,Sibolga,ID,2020-02-18 23:11:19,1.74,98.78,70.48,88,100,4.43
48,Zhigansk,RU,2020-02-18 23:07:53,66.77,123.37,-19.93,97,96,10.76
49,San Andres,CO,2020-02-18 23:11:19,12.58,-81.7,84.2,74,20,14.99
50,Bambous Virieux,MU,2020-02-18 23:11:19,-20.34,57.76,78.8,83,75,6.93
51,Cape Town,ZA,2020-02-18 23:11:19,-33.93,18.42,71.6,68,0,8.05
52,Meulaboh,ID,2020-02-18 23:11:19,4.14,96.13,81.05,81,96,8.19
53,Kutum,SD,2020-02-18 23:11:20,14.2,24.67,59.79,31,34,6.49
54,Antsla,EE,2020-02-18 23:11:20,57.83,26.54,41.0,75,90,13.87
55,Berkovica,BA,2020-02-18 23:11:20,44.62,18.43,37.4,100,96,1.12
56,Rio Gallegos,AR,2020-02-18 23:07:52,-51.62,-69.22,53.6,55,75,38.03
57,Vila Franca Do Campo,PT,2020-02-18 23:11:20,37.72,-25.43,55.4,87,75,1.12
58,Klyuchi,RU,2020-02-18 23:11:21,52.27,79.17,20.55,94,100,18.68
59,Bredasdorp,ZA,2020-02-18 23:11:21,-34.53,20.04,69.8,77,100,17.22
60,Padang,ID,2020-02-18 23:11:21,-0.95,100.35,69.13,90,55,4.63
61,Buin,CL,2020-02-18 23:11:21,-33.73,-70.75,89.6,19,0,11.41
62,Maceio,BR,2020-02-18 23:07:11,-9.67,-35.74,80.6,78,40,6.93
63,Kruisfontein,ZA,2020-02-18 23:11:22,-34.0,24.73,63.68,93,44,8.08
64,Ixtapa,MX,2020-02-18 23:11:22,20.7,-105.2,77.0,73,5,8.05
65,Whitehorse,CA,2020-02-18 23:11:22,60.72,-135.05,26.01,79,90,24.16
66,Los Llanos De Aridane,ES,2020-02-18 23:11:22,28.66,-17.92,66.2,59,90,14.99
67,Walvis Bay,NA,2020-02-18 23:10:20,-22.96,14.51,64.0,89,65,10.04
68,Praia,CV,2020-02-18 23:11:23,14.92,-23.51,77.0,44,70,20.8
69,Gornopravdinsk,RU,2020-02-18 23:11:23,60.05,69.9,29.97,92,100,10.8
70,Saryg-Sep,RU,2020-02-18 23:11:23,51.5,95.6,-5.94,96,100,0.92
71,Port Alfred,ZA,2020-02-18 23:11:23,-33.59,26.89,66.0,95,83,1.01
72,Solnechnyy,RU,2020-02-18 23:11:23,50.72,136.63,4.87,86,85,0.92
73,Tiksi,RU,2020-02-18 23:11:23,71.69,128.87,-5.42,91,100,7.0
74,Erenhot,CN,2020-02-18 23:11:24,43.65,111.98,12.6,89,12,2.35
75,Lorengau,PG,2020-02-18 23:11:24,-2.02,147.27,83.73,77,100,15.73
76,Nybro,SE,2020-02-18 23:08:17,56.74,15.91,39.99,86,43,12.75
77,Mahebourg,MU,2020-02-18 23:11:24,-20.41,57.7,78.8,83,75,6.93
78,Tuatapere,NZ,2020-02-18 23:11:24,-46.13,167.68,60.01,81,32,17.0
79,Charyshskoye,RU,2020-02-18 23:11:25,51.4,83.56,11.12,81,100,5.66
80,Honavar,IN,2020-02-18 23:11:25,14.28,74.45,68.36,50,96,4.61
81,Kudahuvadhoo,MV,2020-02-18 23:11:25,2.67,72.89,81.84,75,24,17.78
82,Saint-Philippe,RE,2020-02-18 23:07:36,-21.36,55.77,77.0,73,10,5.82
83,Talnakh,RU,2020-02-18 23:11:25,69.49,88.4,12.2,92,100,35.79
84,Bilma,NE,2020-02-18 23:11:25,18.69,12.92,62.2,28,0,14.45
85,Matamoros,MX,2020-02-18 23:11:26,25.53,-103.25,89.6,15,40,3.36
86,Airai,TL,2020-02-18 23:11:26,-8.93,125.41,75.29,75,32,2.17
87,Hasaki,JP,2020-02-18 23:11:26,35.73,140.83,39.2,55,20,12.75
88,Son La,VN,2020-02-18 23:11:26,21.32,103.9,49.41,79,27,0.58
89,Nome,US,2020-02-18 23:10:20,64.5,-165.41,26.01,85,90,13.87
90,Tarata,BO,2020-02-18 23:11:27,-17.62,-66.02,71.6,56,75,5.82
91,Rock Hill,US,2020-02-18 23:11:27,34.92,-81.03,60.8,100,90,4.7
92,Mokhsogollokh,RU,2020-02-18 23:11:27,61.47,128.92,-14.53,96,99,2.37
93,Narsaq,GL,2020-02-18 23:11:27,60.92,-46.05,15.8,52,100,12.75
94,Balkhash,KZ,2020-02-18 23:07:02,46.84,74.98,4.57,85,41,6.85
95,Constitucion,CL,2020-02-18 23:11:28,-35.33,-72.42,56.82,82,0,7.83
96,Bengkulu,ID,2020-02-18 23:11:28,-3.8,102.27,73.08,93,66,3.8
97,Plouzane,FR,2020-02-18 23:11:28,48.38,-4.62,50.0,93,93,14.99
98,Krasnozatonskiy,RU,2020-02-18 23:11:28,61.68,50.98,35.6,98,90,8.95
99,New Norfolk,AU,2020-02-18 23:11:29,-42.78,147.06,57.2,54,75,20.8
100,Elat,IL,2020-02-18 23:11:29,29.56,34.95,64.4,63,75,9.17
101,Sitka,US,2020-02-18 23:11:29,57.05,-135.33,44.6,65,75,16.11
102,Deputatskiy,RU,2020-02-18 23:11:29,69.3,139.9,-11.69,93,88,3.62
103,Port Hardy,CA,2020-02-18 23:11:29,50.7,-127.42,42.8,60,20,10.29
104,Hithadhoo,MV,2020-02-18 23:11:30,-0.6,73.08,82.83,78,3,11.48
105,Marawi,PH,2020-02-18 23:11:30,8.0,124.29,72.0,84,4,5.99
106,Zabid,YE,2020-02-18 23:11:30,14.2,43.32,76.15,60,0,3.51
107,Praya,CV,2020-02-18 23:08:09,14.92,-23.51,77.0,44,70,20.8
108,Bilibino,RU,2020-02-18 23:11:31,68.05,166.44,-26.48,98,94,1.28
109,Hualmay,PE,2020-02-18 23:09:52,-11.1,-77.61,73.78,74,94,6.93
110,Puerto Ayora,EC,2020-02-18 23:11:31,-0.74,-90.35,89.6,55,40,9.17
111,Provideniya,RU,2020-02-18 23:11:31,64.38,-173.3,12.2,66,75,15.66
112,Fiumicino,IT,2020-02-18 23:11:31,41.77,12.23,53.01,100,68,4.7
113,Havelock,US,2020-02-18 23:08:24,34.88,-76.9,64.4,82,40,8.05
114,Kaitangata,NZ,2020-02-18 23:11:32,-46.28,169.85,66.0,52,99,11.01
115,Malya,TZ,2020-02-18 23:11:32,-2.98,33.52,66.04,84,35,2.64
116,Mehamn,NO,2020-02-18 23:11:32,71.04,27.85,28.4,62,75,20.8
117,Tucuman,AR,2020-02-18 23:11:32,-26.82,-65.22,73.4,60,13,5.82
118,Lazaro Cardenas,MX,2020-02-18 23:11:33,17.96,-102.2,80.85,52,0,5.66
119,Madingou,CG,2020-02-18 23:11:33,-4.15,13.55,73.04,88,16,0.74
120,Nabire,ID,2020-02-18 23:09:42,-3.37,135.48,76.3,96,100,1.43
121,Hobart,AU,2020-02-18 23:10:38,-42.88,147.33,57.2,54,75,20.8
122,Rosita,NI,2020-02-18 23:11:33,13.93,-84.4,76.41,76,3,3.31
123,Luderitz,NA,2020-02-18 23:11:33,-26.65,15.16,63.46,96,6,11.59
124,Tukrah,LY,2020-02-18 23:11:34,32.53,20.58,56.52,69,84,10.29
125,Qaanaaq,GL,2020-02-18 23:11:34,77.48,-69.36,-11.7,62,83,7.14
126,Ban Nahin,LA,2020-02-18 23:11:34,18.24,104.21,57.96,70,0,3.91
127,Yar-Sale,RU,2020-02-18 23:11:34,66.83,70.83,25.2,91,94,14.12
128,Araouane,ML,2020-02-18 23:11:34,18.9,-3.53,73.83,13,11,8.97
129,Acarau,BR,2020-02-18 23:11:35,-2.89,-40.12,76.95,90,100,3.47
130,Mount Gambier,AU,2020-02-18 23:11:35,-37.83,140.77,59.0,93,75,14.99
131,Khandyga,RU,2020-02-18 23:11:36,62.67,135.6,-14.01,98,96,1.25
132,Saint-Augustin,CA,2020-02-18 23:11:36,51.23,-58.65,8.96,81,0,15.93
133,Boppard,DE,2020-02-18 23:11:36,50.23,7.59,46.0,70,90,6.93
134,Ilulissat,GL,2020-02-18 23:11:36,69.22,-51.1,-0.4,64,75,3.36
135,Neftcala,AZ,2020-02-18 23:11:36,39.37,49.25,47.46,84,13,11.41
136,Batemans Bay,AU,2020-02-18 23:11:37,-35.72,150.18,75.0,67,8,1.01
137,Lata,PT,2020-02-18 23:07:56,40.16,-8.33,52.0,81,0,2.24
138,Thompson,CA,2020-02-18 23:10:54,55.74,-97.86,-9.4,57,20,11.41
139,Hermanus,ZA,2020-02-18 23:11:37,-34.42,19.23,70.0,87,65,13.0
140,Kodiak,US,2020-02-18 23:11:22,57.79,-152.41,35.6,55,1,5.82
141,Pochutla,MX,2020-02-18 23:11:38,15.74,-96.47,89.6,59,5,13.87
142,Lewiston,US,2020-02-18 23:11:38,44.1,-70.21,36.0,92,90,3.36
143,Xingcheng,CN,2020-02-18 23:11:38,40.62,120.72,28.0,64,95,5.12
144,Coahuayana,MX,2020-02-18 23:07:11,18.73,-103.68,82.4,61,20,17.22
145,Goleniow,PL,2020-02-18 23:11:38,53.56,14.83,42.8,70,75,8.05
146,Salalah,OM,2020-02-18 23:11:39,17.02,54.09,71.6,78,20,4.7
147,Gariaband,IN,2020-02-18 23:11:39,20.64,82.06,58.84,28,0,2.08
148,Haines Junction,CA,2020-02-18 23:11:39,60.75,-137.51,23.16,91,100,10.85
149,Bairiki,KI,2020-02-18 23:11:39,1.33,172.98,86.0,70,40,10.29
150,Aklavik,CA,2020-02-18 23:11:39,68.22,-135.01,3.2,76,90,3.36
151,Makat,KZ,2020-02-18 23:11:40,47.65,53.35,32.27,63,4,15.21
152,Saint-Georges,GD,2020-02-18 23:08:12,12.06,-61.75,80.6,78,20,11.41
153,Cabo San Lucas,MX,2020-02-18 23:10:30,22.89,-109.91,82.99,26,5,3.36
154,Baruun-Urt,MN,2020-02-18 23:11:40,46.68,113.28,-1.23,69,27,1.81
155,Puerto El Triunfo,SV,2020-02-18 23:11:40,13.28,-88.55,91.4,52,34,5.82
156,Panguna,PG,2020-02-18 23:11:41,-6.32,155.48,81.57,64,73,6.8
157,Saldanha,ZA,2020-02-18 23:11:41,-33.01,17.94,73.4,60,0,3.36
158,Okoneshnikovo,RU,2020-02-18 23:11:41,54.84,75.08,23.7,93,98,13.2
159,Payo,ID,2020-02-18 23:11:41,-3.75,103.64,68.23,97,100,2.1
160,Hirado,JP,2020-02-18 23:11:42,33.36,129.55,42.8,75,20,5.82
161,Luanda,AO,2020-02-18 23:07:54,-8.84,13.23,82.4,78,40,4.7
162,Nuuk,GL,2020-02-18 23:11:15,64.18,-51.72,12.2,78,75,9.17
163,Clyde River,CA,2020-02-18 23:11:42,70.47,-68.59,-27.4,74,20,2.24
164,Uthal,PK,2020-02-18 23:11:43,25.81,66.62,71.46,25,100,5.21
165,Korla,CN,2020-02-18 23:11:43,41.76,86.15,33.01,88,100,3.24
166,Calama,CL,2020-02-18 23:11:43,-22.47,-68.93,78.8,26,46,26.4
167,Sulangan,PH,2020-02-18 23:11:43,11.14,123.72,79.11,79,45,23.64
168,Sedona,US,2020-02-18 23:09:40,34.87,-111.76,66.0,21,1,3.62
169,Tual,ID,2020-02-18 23:11:43,-5.67,132.75,80.49,82,100,23.2
170,Turukhansk,RU,2020-02-18 23:11:44,65.82,87.98,12.78,90,100,15.82
171,Iwanai,JP,2020-02-18 23:11:44,42.97,140.51,26.76,78,100,11.68
172,Bani Walid,LY,2020-02-18 23:11:44,31.76,13.99,48.83,74,0,5.84
173,San Cristobal,VE,2020-02-18 23:11:44,7.77,-72.22,89.6,49,20,12.75
174,Lamar,US,2020-02-18 23:11:45,33.67,-95.58,55.4,93,90,12.75
175,Peleduy,RU,2020-02-18 23:11:45,59.63,112.74,-9.76,95,26,2.8
176,Warrington,GB,2020-02-18 23:11:45,53.39,-2.58,43.0,86,75,20.8
177,Cidreira,BR,2020-02-18 23:11:45,-30.18,-50.21,77.16,86,100,14.94
178,Martapura,ID,2020-02-18 23:11:45,-3.42,114.85,77.04,83,76,1.25
179,San Lucas,MX,2020-02-18 23:11:45,16.6,-92.72,95.0,21,5,1.81
180,Virginia Beach,US,2020-02-18 23:08:02,36.85,-75.98,60.8,67,1,4.7
181,Yulara,AU,2020-02-18 23:11:46,-25.24,130.99,77.0,22,4,13.87
182,Dalvik,IS,2020-02-18 23:11:46,65.97,-18.53,26.6,92,75,8.05
183,Faya,SA,2020-02-18 23:11:46,18.39,42.45,62.6,59,0,3.56
184,Port Hedland,AU,2020-02-18 23:11:46,-20.32,118.57,82.4,65,22,16.11
185,Barcelos,PT,2020-02-18 23:11:38,41.54,-8.62,46.99,87,0,5.82
186,Ngorongoro,TZ,2020-02-18 23:11:47,-3.24,35.49,58.69,75,0,3.8
187,Port Elizabeth,ZA,2020-02-18 23:11:47,-33.92,25.57,66.2,88,77,9.17
188,Victoria,HK,2020-02-18 23:09:54,22.29,114.16,59.0,67,20,11.41
189,Tuktoyaktuk,CA,2020-02-18 23:11:48,69.45,-133.04,-9.4,69,90,12.75
190,Olinda,BR,2020-02-18 23:11:48,-8.01,-34.86,84.2,66,40,10.29
191,Bambanglipuro,ID,2020-02-18 23:11:48,-7.95,110.28,76.1,86,99,2.42
192,Lavrentiya,RU,2020-02-18 23:11:48,65.58,-171.0,-4.77,80,100,10.13
193,Wasilla,US,2020-02-18 23:11:49,61.58,-149.44,34.0,97,90,3.36
194,Te Anau,NZ,2020-02-18 23:11:49,-45.42,167.72,56.93,66,42,6.29
195,Kavaratti,IN,2020-02-18 23:11:49,10.57,72.64,81.25,71,14,6.87
196,Champerico,GT,2020-02-18 23:11:50,14.3,-91.92,95.0,39,40,11.41
197,Sao Filipe,CV,2020-02-18 23:11:50,14.9,-24.5,77.9,44,62,16.75
198,Vardo,NO,2020-02-18 23:11:50,70.37,31.11,23.0,85,20,17.22
199,East London,ZA,2020-02-18 23:11:50,-33.02,27.91,71.44,87,80,18.59
200,Poum,NC,2020-02-18 23:11:50,-20.23,164.02,80.67,80,49,20.92
201,Port Augusta,AU,2020-02-18 23:11:51,-32.5,137.77,64.4,55,90,12.75
202,Kupang,ID,2020-02-18 23:11:51,-10.17,123.58,77.0,100,40,8.43
203,Dikson,RU,2020-02-18 23:11:51,73.51,80.55,17.46,87,100,38.05
204,Hurricane,US,2020-02-18 23:09:23,37.18,-113.29,55.4,17,1,5.37
205,Omboue,GA,2020-02-18 23:11:51,-1.57,9.26,75.65,94,63,1.14
206,Elban,RU,2020-02-18 23:11:52,50.1,136.51,4.33,94,100,3.24
207,Faanui,PF,2020-02-18 23:11:52,-16.48,-151.75,82.69,77,99,12.55
208,Varzelandia,BR,2020-02-18 23:11:52,-15.7,-44.03,69.94,93,32,4.65
209,Tabuk,PH,2020-02-18 23:08:48,17.42,121.44,67.1,82,37,6.51
210,Carnarvon,AU,2020-02-18 23:11:03,-24.87,113.63,75.2,94,36,4.7
211,Mitu,CO,2020-02-18 23:11:53,1.2,-70.17,74.53,96,78,1.77
212,Seoul,KR,2020-02-18 23:10:24,37.57,126.98,30.2,92,1,1.12
213,Port Shepstone,ZA,2020-02-18 23:11:53,-30.74,30.45,66.96,95,100,7.85
214,Lodja,CD,2020-02-18 23:11:54,-3.48,23.43,69.53,98,83,1.66
215,Saint-Joseph,RE,2020-02-18 23:08:04,-21.37,55.62,77.0,73,0,5.82
216,Sovetskiy,RU,2020-02-18 23:11:54,61.36,63.58,28.15,88,8,9.53
217,Torbay,CA,2020-02-18 23:11:54,47.67,-52.73,19.0,78,20,11.41
218,Norman Wells,CA,2020-02-18 23:11:54,65.28,-126.83,-2.2,64,90,11.41
219,Fortuna,US,2020-02-18 23:11:54,40.6,-124.16,60.01,66,1,12.75
220,Halifax,CA,2020-02-18 23:07:47,44.65,-63.57,26.01,79,90,11.41
221,Vila Velha,BR,2020-02-18 23:11:55,-20.33,-40.29,80.6,83,0,10.29
222,Lopukhiv,UA,2020-02-18 23:11:55,48.37,23.96,25.25,93,91,1.41
223,Bac Lieu,VN,2020-02-18 23:10:42,9.29,105.72,75.13,65,5,9.37
224,Hami,CN,2020-02-18 23:11:56,42.8,93.45,25.12,47,100,4.29
225,Dnestrovsc,MD,2020-02-18 23:11:56,46.62,29.91,41.0,93,98,2.24
226,Domodossola,IT,2020-02-18 23:11:56,46.12,8.29,44.01,44,2,5.82
227,Alta Floresta,BR,2020-02-18 23:11:56,-9.88,-56.09,76.17,89,100,0.31
228,Kavieng,PG,2020-02-18 23:11:56,-2.57,150.8,82.87,77,95,10.74
229,Puerto Madryn,AR,2020-02-18 23:11:57,-42.77,-65.04,75.7,25,78,13.62
230,Pangnirtung,CA,2020-02-18 23:11:57,66.15,-65.71,-25.6,67,75,0.96
231,Biltine,TD,2020-02-18 23:11:57,14.53,20.92,67.71,21,14,7.87
232,Simao,CN,2020-02-18 23:11:57,22.79,100.97,46.96,97,25,2.66
233,Pevek,RU,2020-02-18 23:11:57,69.7,170.31,-20.67,99,100,6.17
234,Ambon,ID,2020-02-18 23:11:58,-3.7,128.18,80.6,78,40,9.17
235,Khatanga,RU,2020-02-18 23:11:58,71.97,102.5,-9.35,87,6,6.82
236,Tiarei,PF,2020-02-18 23:11:58,-17.53,-149.33,87.8,66,40,13.87
237,Lompoc,US,2020-02-18 23:11:58,34.64,-120.46,68.0,52,1,17.22
238,Coquimbo,CL,2020-02-18 23:11:58,-29.95,-71.34,66.2,72,0,14.99
239,Sobolevo,RU,2020-02-18 23:11:59,54.43,31.9,35.55,95,93,10.56
240,Arraial Do Cabo,BR,2020-02-18 23:11:59,-22.97,-42.03,78.8,83,32,18.34
241,Primo Tapia,MX,2020-02-18 23:11:59,32.22,-116.92,66.0,67,1,8.05
242,Taclobo,PH,2020-02-18 23:11:59,12.31,122.59,75.15,85,87,22.46
243,Maroua,CM,2020-02-18 23:11:59,10.59,14.32,70.9,20,7,11.77
244,Groningen,NL,2020-02-18 23:12:00,53.25,6.75,45.0,87,90,21.92
245,Georgetown,MY,2020-02-18 23:12:00,5.41,100.34,75.2,88,20,3.29
246,Chany,RU,2020-02-18 23:12:00,55.31,76.76,21.56,93,99,15.46
247,Sur,OM,2020-02-18 23:12:00,22.57,59.53,64.6,50,0,1.88
248,Chapais,CA,2020-02-18 23:12:00,49.78,-74.85,12.2,92,90,12.75
249,Lebu,CL,2020-02-18 23:12:01,-37.62,-73.65,58.46,76,0,12.53
250,Dalian,CN,2020-02-18 23:12:01,38.91,121.6,33.8,83,40,8.95
251,Elko,US,2020-02-18 23:08:00,41.0,-115.5,37.4,29,1,6.93
252,Fort Nelson,CA,2020-02-18 23:12:01,58.81,-122.7,10.4,66,75,3.36
253,Chuy,UY,2020-02-18 23:12:01,-33.7,-53.46,70.75,66,18,11.27
254,Bani,DO,2020-02-18 23:12:02,18.28,-70.33,80.01,88,75,7.9
255,Saskylakh,RU,2020-02-18 23:12:02,71.92,114.08,-10.44,86,0,6.31
256,Grand Gaube,MU,2020-02-18 23:12:03,-20.01,57.66,78.8,83,75,6.93
257,Nelson Bay,AU,2020-02-18 23:12:03,-32.72,152.15,81.0,69,20,17.22
258,Tautira,PF,2020-02-18 23:12:03,-17.73,-149.15,87.8,66,40,13.87
259,Ahuimanu,US,2020-02-18 23:07:31,21.44,-157.84,80.01,94,90,9.17
260,Ostrovnoy,RU,2020-02-18 23:12:03,68.05,39.51,12.16,98,92,5.64
261,Tabas,IR,2020-02-18 23:12:03,33.6,56.92,46.4,52,65,4.7
262,Bartica,GY,2020-02-18 23:12:04,6.4,-58.62,80.6,78,75,9.17
263,Touros,BR,2020-02-18 23:12:04,-5.2,-35.46,82.4,78,40,10.29
264,Bereda,ES,2020-02-18 23:12:04,43.27,-7.54,44.01,93,40,5.82
265,Kieta,PG,2020-02-18 23:11:14,-6.22,155.63,85.15,66,96,8.12
266,Bathsheba,BB,2020-02-18 23:12:05,13.22,-59.52,73.4,88,75,23.04
267,La Peca,PE,2020-02-18 23:12:05,-5.61,-78.44,72.27,76,28,5.66
268,Rio Brilhante,BR,2020-02-18 23:12:05,-21.8,-54.55,78.62,87,70,4.81
269,Muroto,JP,2020-02-18 23:12:05,33.28,134.15,33.8,80,20,9.17
270,Phan Thiet,VN,2020-02-18 23:10:58,10.93,108.1,67.68,64,40,3.15
271,Southbridge,US,2020-02-18 23:12:05,42.08,-72.03,37.99,100,90,2.91
272,Gravdal,NO,2020-02-18 23:12:06,68.12,13.5,34.09,63,80,11.3
273,Sokolo,ML,2020-02-18 23:12:06,14.73,-6.12,76.87,10,0,10.38
274,Krasnokamensk,RU,2020-02-18 23:12:06,50.1,118.04,-1.19,83,0,3.36
275,Wlodawa,PL,2020-02-18 23:12:07,51.55,23.55,33.8,100,13,6.93
276,Kamiiso,JP,2020-02-18 23:12:07,41.82,140.65,30.2,80,75,4.7
277,Dhidhdhoo,MV,2020-02-18 23:12:07,6.88,73.1,80.96,72,1,10.83
278,Kalengwa,ZM,2020-02-18 23:12:07,-13.47,25.0,65.37,97,100,2.91
279,Port Lincoln,AU,2020-02-18 23:12:07,-34.73,135.87,60.82,64,100,13.2
280,Olafsvik,IS,2020-02-18 23:07:21,64.89,-23.71,32.9,66,100,12.5
281,Chokurdakh,RU,2020-02-18 23:12:08,70.63,147.92,-6.68,97,100,9.55
282,Samarai,PG,2020-02-18 23:12:08,-10.62,150.67,88.34,56,51,3.53
283,Buraydah,SA,2020-02-18 23:12:08,26.33,43.98,69.8,30,40,8.05
284,Aykhal,RU,2020-02-18 23:12:08,66.0,111.5,1.4,84,16,4.47
285,Komsomolskiy,UZ,2020-02-18 23:12:09,40.43,71.72,32.0,79,20,3.38
286,Geraldton,AU,2020-02-18 23:12:09,-28.77,114.6,84.2,45,99,24.16
287,Muravlenko,RU,2020-02-18 23:08:09,63.79,74.52,28.78,95,100,13.91
288,Frontera,MX,2020-02-18 23:12:09,26.93,-101.45,79.0,59,32,8.01
289,Voyvozh,RU,2020-02-18 23:12:09,62.89,54.96,33.12,89,98,11.92
290,Half Moon Bay,US,2020-02-18 23:12:09,37.46,-122.43,70.0,31,20,3.36
291,Porto Novo,BJ,2020-02-18 23:07:44,6.5,2.6,84.2,89,21,10.29
292,Longyearbyen,SJ,2020-02-18 23:12:10,78.22,15.64,-0.4,64,20,11.41
293,Porbandar,IN,2020-02-18 23:12:10,21.64,69.61,75.85,59,84,5.37
294,Bay Roberts,CA,2020-02-18 23:12:10,47.6,-53.26,19.0,78,20,11.41
295,Bandarbeyla,SO,2020-02-18 23:12:11,9.49,50.81,76.98,80,33,12.93
296,Las Vegas,US,2020-02-18 23:10:11,36.17,-115.14,62.01,16,1,5.82
297,Mogadishu,SO,2020-02-18 23:12:11,2.04,45.34,80.17,81,17,18.59
298,Taltal,CL,2020-02-18 23:12:11,-25.4,-70.48,62.78,86,11,3.36
299,Kabanjahe,ID,2020-02-18 23:12:11,3.1,98.49,75.2,100,40,2.24
300,Floriano,BR,2020-02-18 23:09:35,-6.77,-43.02,76.35,88,73,3.65
301,Bowen,AU,2020-02-18 23:12:12,-20.02,148.23,91.0,83,40,6.93
302,Basco,PH,2020-02-18 23:12:12,20.45,121.97,68.41,74,60,23.76
303,Trofors,NO,2020-02-18 23:12:12,65.53,13.41,35.6,74,40,5.82
304,Vao,NC,2020-02-18 23:12:12,-22.67,167.48,78.69,74,3,10.74
305,Bokovskaya,RU,2020-02-18 23:12:13,49.23,41.83,33.35,96,95,7.2
306,Mantua,IT,2020-02-18 23:12:13,45.17,10.78,48.99,93,5,3.36
307,Okhotsk,RU,2020-02-18 23:12:13,59.38,143.3,-5.24,77,41,7.38
308,Guerrero Negro,MX,2020-02-18 23:11:21,27.98,-114.06,65.34,66,99,12.66
309,Gigmoto,PH,2020-02-18 23:12:13,13.78,124.39,77.27,80,90,29.64
310,Swan River,CA,2020-02-18 23:12:14,52.11,-101.27,-7.82,90,42,7.9
311,Tonota,BW,2020-02-18 23:12:14,-21.48,27.48,70.77,75,47,8.52
312,Husavik,IS,2020-02-18 23:12:14,66.04,-17.34,26.6,92,75,8.05
313,Lamu,KE,2020-02-18 23:12:14,-2.27,40.9,81.27,83,28,10.96
314,Hailey,US,2020-02-18 23:12:14,43.52,-114.32,24.8,68,5,5.82
315,Katsuura,JP,2020-02-18 23:12:15,35.13,140.3,45.0,39,75,20.8
316,Labuhan,ID,2020-02-18 23:12:15,-6.88,112.21,74.75,94,100,5.46
317,Kalaleh,IR,2020-02-18 23:09:12,37.38,55.49,37.4,93,1,2.24
318,Kulhudhuffushi,MV,2020-02-18 23:12:15,6.62,73.07,81.5,68,19,9.19
319,Strai,NO,2020-02-18 23:12:16,58.2,7.9,39.99,93,36,2.24
320,Arlit,NE,2020-02-18 23:12:16,18.74,7.39,66.22,22,0,13.8
321,Nanortalik,GL,2020-02-18 23:12:16,60.14,-45.24,23.07,66,51,33.51
322,Acurenam,GQ,2020-02-18 23:12:16,1.03,10.65,68.86,97,73,3.15
323,Lillooet,CA,2020-02-18 23:12:16,50.69,-121.94,42.8,35,1,2.24
324,La Rioja,ES,2020-02-18 23:12:17,42.25,-2.5,35.6,93,40,3.36
325,Ribeira Grande,PT,2020-02-18 23:12:17,38.52,-28.7,54.82,83,36,12.91
326,Egvekinot,RU,2020-02-18 23:12:17,66.32,-179.17,-12.35,91,11,15.12
327,Taunsa,PK,2020-02-18 23:08:06,30.7,70.65,65.16,21,100,4.52
328,Shahr-E Babak,IR,2020-02-18 23:12:18,30.12,55.12,47.55,46,97,2.8
329,Shelburne,CA,2020-02-18 23:12:18,44.08,-80.2,35.6,74,75,11.41
330,Karatsu,JP,2020-02-18 23:12:18,33.44,129.97,39.0,86,75,9.17
331,Liverpool,GB,2020-02-18 23:08:09,53.41,-2.98,43.0,86,75,20.8
332,Kampot,KH,2020-02-18 23:12:18,10.62,104.18,77.0,83,20,8.05
333,Znamenskoye,RU,2020-02-18 23:12:19,57.13,73.83,28.67,92,96,10.51
334,Bayir,TR,2020-02-18 23:12:19,37.27,28.22,44.6,93,51,3.36
335,Souris,CA,2020-02-18 23:12:19,49.62,-100.26,-4.0,64,5,14.99
336,Neiafu,TO,2020-02-18 23:12:19,-18.65,-173.98,80.6,74,40,5.82
337,Pyay,MM,2020-02-18 23:12:19,18.82,95.22,57.11,40,0,1.77
338,Donetsk,UA,2020-02-18 23:12:20,48.0,37.8,31.41,92,43,5.12
339,Huarmey,PE,2020-02-18 23:12:20,-10.07,-78.15,73.65,74,73,5.37
340,Broome,US,2020-02-18 23:12:20,42.25,-75.83,41.0,100,90,9.17
341,Udimskiy,RU,2020-02-18 23:12:20,61.14,45.91,34.21,96,100,11.74
342,Honningsvag,NO,2020-02-18 23:12:20,70.98,25.97,26.6,68,75,18.34
343,Novokayakent,RU,2020-02-18 23:12:21,42.39,47.99,37.4,86,0,11.18
344,Ahipara,NZ,2020-02-18 23:12:21,-35.17,173.17,81.0,80,14,8.34
345,Asosa,ET,2020-02-18 23:12:21,10.07,34.53,73.17,16,2,7.7
346,Breves,BR,2020-02-18 23:12:22,-1.68,-50.48,74.98,99,100,2.91
347,Nikolskoye,RU,2020-02-18 23:12:22,59.7,30.79,39.2,80,75,11.18
348,Necochea,AR,2020-02-18 23:12:22,-38.55,-58.74,61.0,89,3,0.83
349,Vandra,EE,2020-02-18 23:12:22,58.65,25.04,39.0,96,98,3.0
350,Benjamin Hill,MX,2020-02-18 23:12:22,30.17,-111.1,82.0,17,84,7.0
351,Kamenka,RU,2020-02-18 23:12:22,51.32,42.77,34.0,94,100,8.01
352,Sinop,TR,2020-02-18 23:12:23,41.77,34.87,44.85,62,0,5.46
353,Araceli,PH,2020-02-18 23:12:23,10.55,119.99,79.47,78,21,27.98
354,Kailua,US,2020-02-18 23:12:23,21.4,-157.74,80.01,94,90,9.17
355,Awjilah,LY,2020-02-18 23:12:23,29.11,21.29,53.6,65,7,8.88
356,Naliya,IN,2020-02-18 23:12:24,23.27,68.83,68.94,38,100,5.84
357,Salinas,US,2020-02-18 23:08:53,36.68,-121.66,71.01,36,1,12.75
358,Sao Felix Do Xingu,BR,2020-02-18 23:07:54,-6.64,-51.99,74.21,94,100,1.19
359,Kuah,MY,2020-02-18 23:12:24,6.33,99.84,78.8,83,20,3.36
360,Itoman,JP,2020-02-18 23:12:24,26.12,127.67,59.0,62,90,5.82
361,Ranau,MY,2020-02-18 23:12:25,5.95,116.66,75.99,83,20,4.7
362,Atar,MR,2020-02-18 23:12:25,20.52,-13.05,71.85,13,60,6.4
363,Miraflores,MX,2020-02-18 23:12:25,19.22,-98.81,89.6,7,5,6.93
364,Houma,US,2020-02-18 23:12:25,29.6,-90.72,77.0,83,75,4.7
365,Banda Aceh,ID,2020-02-18 23:12:26,5.56,95.32,72.9,89,35,5.14
366,Kahului,US,2020-02-18 23:12:26,20.89,-156.47,80.6,53,40,20.8
367,Tongchuan,CN,2020-02-18 23:12:26,35.08,109.09,37.18,32,100,3.96
368,Mizdah,LY,2020-02-18 23:12:26,31.45,12.98,46.85,70,0,0.94
369,Ndele,CF,2020-02-18 23:12:26,8.41,20.65,74.16,28,12,2.35
370,Talara,PE,2020-02-18 23:12:26,-4.58,-81.27,62.6,100,40,13.87
371,Goderich,CA,2020-02-18 23:09:27,43.75,-81.72,36.0,58,98,3.0
372,San Miniato,IT,2020-02-18 23:12:27,43.69,10.82,48.0,100,4,1.41
373,Uaua,BR,2020-02-18 23:12:27,-9.84,-39.48,74.53,80,44,9.89
374,Rolla,US,2020-02-18 23:12:27,37.95,-91.77,43.0,45,1,8.05
375,Lichinga,MZ,2020-02-18 23:11:42,-13.31,35.24,69.64,93,100,3.02
376,Severo-Kurilsk,RU,2020-02-18 23:12:28,50.68,156.12,19.58,85,100,5.12
377,Novo Aripuana,BR,2020-02-18 23:12:28,-5.12,-60.38,77.36,93,99,0.27
378,Poronaysk,RU,2020-02-18 23:09:04,49.22,143.12,10.45,88,90,2.73
379,Kropotkin,RU,2020-02-18 23:12:28,45.44,40.58,42.01,60,0,2.75
380,Kushmurun,KZ,2020-02-18 23:11:13,52.45,64.63,32.7,84,100,23.4
381,Fukue,JP,2020-02-18 23:12:29,32.69,128.84,42.8,75,20,5.82
382,Grodkow,PL,2020-02-18 23:12:29,50.7,17.38,42.01,65,26,9.17
383,Potiskum,NG,2020-02-18 23:08:04,11.71,11.07,69.55,20,100,10.87
384,Bonthe,SL,2020-02-18 23:12:29,7.53,-12.51,79.2,85,0,5.91
385,Madang,PG,2020-02-18 23:12:29,-5.22,145.8,80.98,78,89,7.72
386,Vigrestad,NO,2020-02-18 23:12:29,58.57,5.7,39.0,86,40,6.93
387,Okha,RU,2020-02-18 23:12:30,53.57,142.95,0.36,96,82,7.92
388,Berlevag,NO,2020-02-18 23:12:30,70.86,29.09,28.4,86,90,24.16
389,Igarka,RU,2020-02-18 23:12:30,67.47,86.58,11.1,90,100,23.24
390,San Patricio,MX,2020-02-18 23:12:30,19.22,-104.7,82.4,78,5,5.82
391,Cap-Aux-Meules,CA,2020-02-18 23:12:31,47.38,-61.86,17.6,67,75,9.17
392,Ca Mau,VN,2020-02-18 23:12:31,9.18,105.15,75.63,66,0,7.76
393,Vanavara,RU,2020-02-18 23:12:31,60.34,102.28,7.29,96,100,4.12
394,Mayo,US,2020-02-18 23:12:31,38.89,-76.51,57.2,62,90,5.82
395,Pitimbu,BR,2020-02-18 23:12:32,-7.47,-34.81,82.4,78,20,12.75
396,Ganzhou,CN,2020-02-18 23:12:32,28.82,115.43,44.37,71,70,1.5
397,Jarva-Jaani,EE,2020-02-18 23:12:32,59.04,25.89,37.87,87,100,14.34
398,Tres Arroyos,AR,2020-02-18 23:12:32,-38.37,-60.28,64.38,25,0,8.55
399,Batagay-Alyta,RU,2020-02-18 23:12:32,67.8,130.41,-11.04,77,68,4.12
400,Nizhniy Tsasuchey,RU,2020-02-18 23:12:33,50.52,115.13,6.71,83,0,1.68
401,Omsukchan,RU,2020-02-18 23:12:33,62.53,155.8,-23.67,99,100,5.1
402,Minab,IR,2020-02-18 23:12:33,27.15,57.08,57.2,76,100,4.7
403,Gat,IL,2020-02-18 23:12:33,31.61,34.76,59.0,82,75,3.36
404,Catia La Mar,VE,2020-02-18 23:12:33,10.6,-67.03,82.4,74,40,4.7
405,Hammond,US,2020-02-18 23:12:34,41.58,-87.5,36.0,59,1,5.35
406,Roma,US,2020-02-18 23:10:42,43.21,-75.46,43.0,93,90,8.05
407,Sola,VU,2020-02-18 23:12:34,-13.88,167.55,83.62,75,59,11.1
408,Odienne,CI,2020-02-18 23:12:34,9.51,-7.57,75.27,23,0,2.13
409,Broken Hill,AU,2020-02-18 23:12:34,-31.95,141.43,60.8,63,75,25.28
410,Rathdrum,US,2020-02-18 23:12:35,47.81,-116.89,42.8,28,20,4.7
411,Rajnagar,IN,2020-02-18 23:12:35,24.88,79.92,58.12,28,0,2.26
412,Khvoynaya,RU,2020-02-18 23:12:35,58.9,34.53,35.74,88,100,9.04
413,Belmonte,BR,2020-02-18 23:12:35,-15.86,-38.88,80.6,83,40,8.05
414,Lorain,US,2020-02-18 23:12:35,41.33,-82.15,41.0,69,40,10.29
415,Atasu,KZ,2020-02-18 23:12:36,48.68,71.64,10.36,88,100,18.32
416,Hermosillo,MX,2020-02-18 23:12:36,29.07,-110.97,84.2,14,75,5.61
417,Khorixas,NA,2020-02-18 23:12:36,-20.37,14.97,70.88,27,100,3.36
418,Aksarka,RU,2020-02-18 23:12:36,66.56,67.8,25.92,88,96,14.09
419,Gizo,SB,2020-02-18 23:12:36,-8.1,156.84,80.22,84,64,10.8
420,Baykit,RU,2020-02-18 23:12:37,61.67,96.37,1.17,98,97,2.57
421,Mount Darwin,ZW,2020-02-18 23:12:37,-16.77,31.58,63.23,97,26,1.68
422,Ndioum,SN,2020-02-18 23:12:37,16.51,-14.65,80.65,9,0,12.26
423,Salekhard,RU,2020-02-18 23:12:37,66.53,66.6,28.38,86,83,14.94
424,La Roda,ES,2020-02-18 23:12:38,39.22,-2.15,50.0,93,90,5.82
425,Pitea,SE,2020-02-18 23:12:39,65.32,21.48,26.6,92,75,12.75
426,Lindi,TZ,2020-02-18 23:08:16,-10.0,39.72,78.8,88,20,2.66
427,Shingu,JP,2020-02-18 23:12:40,33.73,135.98,37.4,74,20,4.7
428,Umm Kaddadah,SD,2020-02-18 23:12:40,13.6,26.69,67.26,26,36,11.79
429,Parintins,BR,2020-02-18 23:12:40,-2.63,-56.74,80.35,70,100,1.28
430,Hambantota,LK,2020-02-18 23:12:41,6.12,81.12,75.56,75,100,20.29
431,Nyalikungu,TZ,2020-02-18 23:12:41,-3.18,33.78,64.98,77,4,3.65
432,Puerto Escondido,MX,2020-02-18 23:12:41,15.85,-97.07,86.0,79,5,9.17
433,Leningradskiy,RU,2020-02-18 23:12:41,69.38,178.42,-16.26,94,100,21.34
434,Iqaluit,CA,2020-02-18 23:10:49,63.75,-68.51,-29.0,66,20,3.36
435,Baijiantan,CN,2020-02-18 23:12:41,45.63,85.18,18.05,78,91,2.98
436,Astoria,US,2020-02-18 23:12:42,46.19,-123.83,51.01,60,1,16.11
437,Ode,NG,2020-02-18 23:12:46,7.79,5.71,72.41,64,54,4.92
438,Hamilton,US,2020-02-18 23:08:39,39.18,-84.53,43.0,80,40,5.82
439,Pouembout,NC,2020-02-18 23:12:47,-21.13,164.9,81.95,68,10,7.9
440,Stettler,CA,2020-02-18 23:12:47,52.32,-112.72,5.0,73,52,5.99
441,Pacifica,US,2020-02-18 23:12:47,37.61,-122.49,70.0,31,20,3.36
442,Xuddur,SO,2020-02-18 23:12:48,4.12,43.89,70.45,83,0,13.42
443,The Valley,AI,2020-02-18 23:12:48,18.22,-63.06,78.01,83,20,9.17
444,Caldas Novas,BR,2020-02-18 23:12:48,-17.74,-48.62,72.09,84,94,2.8
445,Yima,CN,2020-02-18 23:12:48,34.74,111.88,42.91,34,100,3.56
446,Adzope,CI,2020-02-18 23:12:48,6.11,-3.86,75.4,87,0,2.15
447,Puerto Maldonado,PE,2020-02-18 23:12:49,-12.6,-69.18,33.8,100,40,2.24
448,Bulgan,MN,2020-02-18 23:12:49,48.81,103.53,0.9,81,24,1.32
449,Tezu,IN,2020-02-18 23:12:49,27.92,96.17,55.24,73,66,2.53
450,Maralal,KE,2020-02-18 23:12:49,1.1,36.7,64.35,79,0,8.61
451,Jinchang,CN,2020-02-18 23:12:49,38.5,102.17,21.49,29,0,2.26
452,Montbrison,FR,2020-02-18 23:12:50,45.67,4.08,41.0,95,90,5.82
453,Svetlaya,RU,2020-02-18 23:12:50,46.54,138.33,16.84,68,96,7.18
454,Namibe,AO,2020-02-18 23:12:50,-15.2,12.15,74.43,72,100,8.59
455,Acapulco,MX,2020-02-18 23:12:50,16.86,-99.89,87.8,58,5,8.05
456,Tungor,RU,2020-02-18 23:12:50,53.38,142.96,0.36,96,82,7.92
457,Kawalu,ID,2020-02-18 23:12:51,-7.38,108.21,72.03,87,97,1.36
458,Pontianak,ID,2020-02-18 23:12:51,-0.03,109.33,75.25,89,13,2.17
459,Petropavlovsk-Kamchatskiy,RU,2020-02-18 23:12:51,53.05,158.65,-0.4,64,0,6.71
460,Beringovskiy,RU,2020-02-18 23:12:51,63.05,179.32,-5.98,80,89,18.88
461,Tsiroanomandidy,MG,2020-02-18 23:12:51,-18.77,46.03,69.64,94,100,1.81
462,Ustka,PL,2020-02-18 23:12:51,54.58,16.86,38.86,85,61,15.48
463,Jalu,LY,2020-02-18 23:12:52,29.03,21.55,53.6,65,7,8.88
464,Piet Retief,ZA,2020-02-18 23:12:52,-27.01,30.81,63.19,96,95,2.93
465,Oktyabrskiy,RU,2020-02-18 23:12:52,54.48,53.47,31.93,90,100,18.05
466,Ayagoz,KZ,2020-02-18 23:12:52,47.97,80.44,12.27,96,100,15.79
467,Vostok,RU,2020-02-18 23:12:53,46.49,135.88,7.21,93,100,3.78
468,Tacuati,PY,2020-02-18 23:12:53,-23.45,-56.58,77.5,91,84,6.96
469,Ancud,CL,2020-02-18 23:12:53,-41.87,-73.82,53.6,100,90,10.29
470,Narrabri,AU,2020-02-18 23:12:53,-30.32,149.78,75.2,73,90,3.36
471,Abu Kamal,SY,2020-02-18 23:12:53,34.45,40.92,56.7,71,100,8.08
472,Santa Rosa,PH,2020-02-18 23:12:53,14.31,121.11,75.2,73,40,2.24
473,Martaban,MM,2020-02-18 23:08:04,16.53,97.61,71.28,87,31,6.38
474,Brigantine,US,2020-02-18 23:12:54,39.41,-74.36,57.2,67,1,6.93
475,Inhambane,MZ,2020-02-18 23:12:54,-23.86,35.38,80.11,82,21,9.44
476,Pekan,MY,2020-02-18 23:08:04,3.48,103.4,75.2,94,20,3.36
477,Telimele,GN,2020-02-18 23:12:54,10.92,-13.33,65.8,83,0,1.59
478,San Quintin,MX,2020-02-18 23:12:55,30.48,-115.95,60.49,74,0,9.22
479,Mount Isa,AU,2020-02-18 23:08:12,-20.73,139.5,87.8,29,45,9.17
480,Novyy Urengoy,RU,2020-02-18 23:12:55,66.08,76.63,18.32,94,100,14.76
481,Amot,NO,2020-02-18 23:12:55,59.57,7.99,16.66,91,0,2.44
482,Fairbanks,US,2020-02-18 23:10:35,64.84,-147.72,24.01,78,1,1.63
483,Arkhangelsk,RU,2020-02-18 23:12:55,64.54,40.54,35.6,93,90,11.18
484,San Miguel Chicaj,GT,2020-02-18 23:12:56,15.1,-90.4,77.0,41,75,11.41
485,Soyung,PH,2020-02-18 23:12:56,16.7,121.67,64.45,90,82,0.96
486,Cayhagan,PH,2020-02-18 23:12:56,9.67,122.43,77.47,74,0,5.84
487,Camacha,PT,2020-02-18 23:12:56,33.08,-16.33,60.8,63,75,19.46
488,Moose Factory,CA,2020-02-18 23:12:57,51.26,-80.61,8.6,84,90,17.22
489,Larsnes,NO,2020-02-18 23:12:57,62.2,5.58,41.0,86,75,20.8
490,Nakhon Phanom,TH,2020-02-18 23:12:57,17.41,104.78,60.01,79,25,3.58
491,Palafrugell,ES,2020-02-18 23:12:57,41.92,3.16,53.01,87,90,2.24
492,Businga,CD,2020-02-18 23:12:57,3.33,20.88,69.6,98,76,2.39
493,Pafos,CY,2020-02-18 23:09:19,34.77,32.42,57.2,76,40,9.17
494,Nha Trang,VN,2020-02-18 23:12:58,12.25,109.18,75.2,78,20,8.05
495,Babakan,ID,2020-02-18 23:12:58,-7.28,107.22,81.12,73,98,5.97
496,Luwuk,ID,2020-02-18 23:12:58,-0.95,122.79,82.94,71,92,9.91
497,Cayenne,GF,2020-02-18 23:12:56,4.93,-52.33,80.6,74,76,10.29
498,Gari,RU,2020-02-18 23:12:59,59.43,62.35,30.31,88,59,12.28
499,Garissa,KE,2020-02-18 23:12:59,-0.45,39.64,78.67,78,18,9.44
500,Semey,KZ,2020-02-18 23:13:00,50.41,80.23,16.18,81,100,9.64
501,Shimoda,JP,2020-02-18 23:13:00,34.67,138.95,44.01,59,10,1.01
502,Sioux Lookout,CA,2020-02-18 23:13:00,50.1,-91.92,3.2,59,20,16.11
503,Corinto,GR,2020-02-18 23:13:00,37.94,22.96,52.0,87,1,2.1
504,Lufilufi,WS,2020-02-18 23:13:01,-13.87,-171.6,78.8,94,90,31.09
505,Westport,US,2020-02-18 23:13:01,41.14,-73.36,46.99,100,90,3.36
506,Khotiv,UA,2020-02-18 23:13:01,50.33,30.47,41.0,93,0,6.71
507,Soc Trang,VN,2020-02-18 23:13:01,9.6,105.98,73.4,94,20,3.36
508,Ribas Do Rio Pardo,BR,2020-02-18 23:13:02,-20.44,-53.76,78.01,85,97,4.14
509,Say,NE,2020-02-18 23:13:02,13.1,2.37,80.6,12,11,8.05
510,Sinaloa,MX,2020-02-18 23:13:02,25.0,-107.5,90.0,24,5,5.82
511,Tura,IN,2020-02-18 23:13:02,25.52,90.22,58.37,65,0,1.66
512,Sheridan,US,2020-02-18 23:13:02,44.83,-106.92,26.6,68,90,2.44
513,Talgar,KZ,2020-02-18 23:13:02,43.3,77.24,23.0,100,90,2.24
514,Taksimo,RU,2020-02-18 23:13:03,56.34,114.88,-10.23,84,0,1.32
515,Menongue,AO,2020-02-18 23:13:03,-14.66,17.69,65.16,96,100,2.66
516,Rupert,US,2020-02-18 23:13:03,42.62,-113.68,37.4,32,1,7.85
517,Montego Bay,JM,2020-02-18 23:13:04,18.47,-77.92,82.4,78,20,27.51
518,Rio Grande,BR,2020-02-18 23:13:04,-32.03,-52.1,80.6,65,90,6.93
519,Terrace,CA,2020-02-18 23:09:25,54.52,-128.6,33.8,80,40,3.36
520,Villa Corona,MX,2020-02-18 23:13:04,20.42,-103.68,86.0,23,5,8.05
521,Rudbar,AF,2020-02-18 23:13:05,30.15,62.6,47.48,54,100,13.29
522,Qaqortoq,GL,2020-02-18 23:13:05,60.72,-46.03,15.8,52,99,12.75
523,Kevelaer,DE,2020-02-18 23:13:05,51.58,6.25,46.4,75,40,17.22
524,Ola,RU,2020-02-18 23:13:05,59.58,151.28,-3.39,70,0,5.37
525,Torrington,US,2020-02-18 23:13:06,41.8,-73.12,41.0,93,90,4.7
526,Lady Frere,ZA,2020-02-18 23:13:06,-31.7,27.23,56.07,93,35,2.89
527,Imbituba,BR,2020-02-18 23:08:50,-28.24,-48.67,82.4,100,100,13.87
528,Bunda,TZ,2020-02-18 23:13:06,-2.05,33.87,64.87,86,2,4.03
529,Sorland,NO,2020-02-18 23:13:06,67.67,12.69,35.69,65,80,19.28
530,Neustadt,DE,2020-02-18 23:13:07,49.71,12.09,42.01,87,90,5.82
531,Pasni,PK,2020-02-18 23:13:07,25.26,63.47,71.11,21,100,21.54
532,Lixourion,GR,2020-02-18 23:13:07,38.2,20.43,57.78,72,24,10.07
533,Dongsheng,CN,2020-02-18 23:13:07,39.82,109.98,20.86,41,0,3.36
534,Quelimane,MZ,2020-02-18 23:13:07,-17.88,36.89,80.6,88,100,2.95
535,Klaksvik,FO,2020-02-18 23:13:07,62.23,-6.59,39.2,86,23,8.05
536,Mitsamiouli,KM,2020-02-18 23:13:08,-11.38,43.28,84.61,70,83,6.11
537,Havre-Saint-Pierre,CA,2020-02-18 23:08:58,50.23,-63.6,10.4,72,40,6.93
538,Khunti,IN,2020-02-18 23:13:08,23.08,85.28,56.86,29,0,0.87
539,Atambua,ID,2020-02-18 23:13:08,-9.11,124.89,80.26,83,59,1.77
540,Leh,IN,2020-02-18 23:13:08,34.17,77.58,-0.26,74,99,6.53
541,Mumbwa,ZM,2020-02-18 23:13:08,-14.98,27.06,64.72,98,10,4.79
542,Riyadh,SA,2020-02-18 23:11:31,24.69,46.72,68.0,28,1,4.7
543,Ouro Preto Do Oeste,BR,2020-02-18 23:13:09,-10.75,-62.22,77.86,93,100,4.29
544,Srednekolymsk,RU,2020-02-18 23:13:09,67.45,153.68,-11.24,97,92,4.47
545,Naze,JP,2020-02-18 23:13:09,28.37,129.48,57.2,66,75,3.36
546,Sassandra,CI,2020-02-18 23:13:09,4.95,-6.08,79.75,85,0,5.66
547,Dwarka,IN,2020-02-18 23:13:10,22.24,68.97,75.54,67,70,4.34
548,Honiara,SB,2020-02-18 23:12:28,-9.43,159.95,86.0,70,20,6.93
549,Adrar,MR,2020-02-18 23:13:10,20.5,-10.07,71.96,13,59,12.19
550,Megion,RU,2020-02-18 23:13:10,61.03,76.11,23.0,85,90,11.18
551,Sabang,ID,2020-02-18 23:13:10,5.89,95.32,82.71,76,83,16.15
552,Sarevere,EE,2020-02-18 23:13:11,58.79,25.43,39.0,96,99,3.0
553,Carmen Del Parana,PY,2020-02-18 23:13:11,-27.23,-56.22,75.2,94,75,5.82
554,Edson,CA,2020-02-18 23:11:00,53.58,-116.44,17.6,78,1,5.82
555,Cap Malheureux,MU,2020-02-18 23:13:11,-19.98,57.61,78.8,83,75,6.93
556,Caravelas,BR,2020-02-18 23:13:12,-17.71,-39.25,80.67,85,8,11.83
